{
    "essential_capital": {
        "year": [
            2021,
            2022,
            2023,
            2024,
            2025,
            2026,
            2027,
            2028,
            2029,
            2030,
            2031,
            2032,
            2033,
            2034,
            2035,
            2036,
            2037,
            2038,
            2039,
            2040,
            2041,
            2042,
            2043,
            2044
        ],
        "essential": [
            130000.0,
            139100.0,
            148837.0,
            147129.0,
            144665.66666666666,
            141189.66666666666,
            136590.0,
            130967.33333333333,
            123989.33333333331,
            115514.66666666664,
            105388.99999999997,
            93441.66666666664,
            79491.99999999997,
            63338.99999999997,
            44768.99999999997,
            23546.666666666635,
            -434.75000000002365,
            -24459.79250000002,
            -50405.58627500002,
            -78390.75386325002,
            -63949.72647914752,
            -48916.46827352194,
            -33280.962321727595,
            -162.12042712080438
        ],
        "surplus": [
            510000.0,
            545700.0,
            583899.0,
            624770.0,
            668530.3333333334,
            715559.3333333334,
            766093.0,
            813640.9166666666,
            863978.1666666667,
            917246.0833333334,
            973592.75,
            1032975.5833333334,
            1095314.3,
            1160705.0,
            1229239.85,
            1301002.3333333333,
            1375922.9,
            1451069.8925,
            1528036.5862750001,
            1605896.75386325,
            1672992.7264791476,
            1740370.568273522,
            1807472.9623217275,
            1937081.9704271203
        ]
    },
    "report": {
        "columns": [
            "year",
            2021,
            2022,
            2023,
            2024,
            2025,
            2026,
            2027,
            2028,
            2029,
            2030,
            2031,
            2032,
            2033,
            2034,
            2035,
            2036,
            2037,
            2038,
            2039,
            2040,
            2041,
            2042,
            2043,
            2044
        ],
        "data": [
            [
                "SPOUSE_EARNED_INCOME",
                "OAS",
                "NON_REGISTERED_DIVIDEND",
                "SPOUSE_NON_REGISTERED_DIVIDEND",
                "SALE_OF_NON_REGISTERED_ASSET",
                "SPOUSE_SALE_OF_NON_REGISTERED_ASSET",
                "SPOUSE_RRIF_WITHDRAWAL",
                "SPOUSE_TFSA_WITHDRAWAL",
                "total_funds_in",
                "TAX",
                "SPOUSE_TAX",
                "ANNUAL_RETIREMENT_EXPENSES",
                "CHARITABLE_DONATIONS",
                "total_funds_out",
                "net_funds_in",
                "NON_REGISTERED_ASSET",
                "NON_REGISTERED_BOOK_VALUE",
                "SPOUSE_NON_REGISTERED_ASSET",
                "SPOUSE_NON_REGISTERED_BOOK_VALUE",
                "SPOUSE_RRSP",
                "SPOUSE_RRIF",
                "TFSA",
                "SPOUSE_TFSA",
                "total_assets"
            ],
            [
                0,
                0,
                2000.0,
                0,
                0,
                0,
                0,
                0,
                2000.0,
                0.0,
                0.0,
                0,
                0,
                0.0,
                2000.0,
                100000,
                0,
                0,
                0,
                20000,
                500000,
                20000,
                0,
                640000
            ],
            [
                0,
                0,
                2120.0,
                20.0,
                0,
                0,
                0,
                0,
                2140.0,
                0.0,
                0.0,
                0,
                0,
                0.0,
                2140.0,
                106000.0,
                1000.0,
                1000.0,
                1000.0,
                21400.0,
                535000.0,
                21400.0,
                0,
                684800.0
            ],
            [
                0,
                0,
                2247.0,
                42.0,
                4919.0,
                2226.0,
                0,
                2693.0,
                12127.0,
                0.0,
                0.0,
                11025.0,
                1102.0,
                12127.0,
                0.0,
                112370.0,
                2070.0,
                2120.0,
                2070.0,
                22898.0,
                572450.0,
                22898.0,
                0,
                732736.0
            ],
            [
                0,
                0,
                2261.0,
                0,
                5236.0,
                0,
                0,
                5236.0,
                12733.0,
                0.0,
                0.0,
                11576.0,
                1158.0,
                12734.0,
                -1.0,
                113069.0,
                1984.0,
                0.0,
                0.0,
                21808.0,
                612521.0,
                24501.0,
                0,
                771899.0
            ],
            [
                0,
                0,
                2270.0,
                0,
                5550.0,
                0,
                0,
                5550.0,
                13370.0,
                0.0,
                0.0,
                12155.0,
                1216.0,
                13371.0,
                -1.0,
                113486.0,
                1896.0,
                0.0,
                0.0,
                18098.0,
                655397.0,
                26216.0,
                0,
                813197.0
            ],
            [
                0,
                0,
                2272.0,
                0,
                5884.0,
                0,
                0,
                5884.0,
                14040.0,
                0.0,
                0.0,
                12763.0,
                1276.0,
                14039.0,
                1.0,
                113609.0,
                1808.0,
                0.0,
                0.0,
                13814.0,
                701275.0,
                28051.0,
                0,
                856749.0
            ],
            [
                0,
                0,
                2268.0,
                0,
                0,
                0,
                39493.0,
                0,
                41761.0,
                0.0,
                6521.0,
                13401.0,
                0,
                19922.0,
                21839.0,
                113406.0,
                1719.0,
                0.0,
                0.0,
                8898.0,
                750365.0,
                30015.0,
                0,
                902684.0
            ],
            [
                0,
                0,
                2587.0,
                205.0,
                0,
                0,
                42411.0,
                0,
                45203.0,
                0.0,
                7285.0,
                14071.0,
                0,
                21356.0,
                23847.0,
                129325.0,
                11969.0,
                10250.0,
                10250.0,
                9520.0,
                0.0,
                32116.0,
                763397.0,
                944608.0
            ],
            [
                0,
                0,
